<?xml version="1.0" encoding="windows-1252" ?>
<!DOCTYPE ViewObject SYSTEM "jbo_03_01.dtd">
<!---->
<ViewObject
  xmlns="http://xmlns.oracle.com/bc4j"
  Name="DivisionLOV"
  Version="11.1.1.62.29"
  InheritPersonalization="true"
  BindingStyle="OracleName"
  CustomQuery="true"
  PageIterMode="Full"
  UseGlueCode="false">
  <DesignTime>
    <Attr Name="_isExpertMode" Value="true"/>
  </DesignTime>
  <Properties>
    <SchemaBasedProperties>
      <LABEL
        ResId="model.lov.DivisionLOV_LABEL"/>
    </SchemaBasedProperties>
  </Properties>
  <SQLQuery>
    <![CDATA[SELECT FFV.FLEX_VALUE
  FROM FND_FLEX_VALUE_SETS FFVS, FND_FLEX_VALUES FFV, FND_FLEX_VALUES_TL FFVT
 WHERE FFVS.FLEX_VALUE_SET_ID = FFV.FLEX_VALUE_SET_ID
   AND FFV.FLEX_VALUE_ID = FFVT.FLEX_VALUE_ID
   AND FLEX_VALUE_SET_NAME LIKE 'OM_COM_SC_DIVISION']]>
  </SQLQuery>
  <ViewAttribute
    Name="FlexValue"
    IsUpdateable="false"
    IsPersistent="false"
    IsNotNull="true"
    PrecisionRule="true"
    Precision="255"
    Type="java.lang.String"
    ColumnType="VARCHAR2"
    AliasName="FLEX_VALUE"
    Expression="FLEX_VALUE"
    SQLType="VARCHAR">
    <DesignTime>
      <Attr Name="_DisplaySize" Value="150"/>
    </DesignTime>
    <Properties>
      <SchemaBasedProperties>
        <DISPLAYWIDTH
          Value="25"/>
      </SchemaBasedProperties>
    </Properties>
  </ViewAttribute>
  <ResourceBundle>
    <PropertiesBundle
      PropertiesFile="model.ModelBundle"/>
  </ResourceBundle>
</ViewObject>
