<?xml version="1.0" encoding="windows-1252" ?>
<!DOCTYPE ViewObject SYSTEM "jbo_03_01.dtd">
<!---->
<ViewObject
  xmlns="http://xmlns.oracle.com/bc4j"
  Name="SeasonLOV"
  Version="11.1.1.62.29"
  InheritPersonalization="true"
  BindingStyle="OracleName"
  CustomQuery="true"
  PageIterMode="Full"
  UseGlueCode="false">
  <DesignTime>
    <Attr Name="_isExpertMode" Value="true"/>
  </DesignTime>
  <Properties>
    <SchemaBasedProperties>
      <LABEL
        ResId="model.lov.SeasonLOV_LABEL"/>
    </SchemaBasedProperties>
  </Properties>
  <Variable
    Name="P_BUYER"
    Kind="where"
    Type="java.lang.String">
    <Properties>
      <SchemaBasedProperties>
        <DISPLAYWIDTH
          Value="30"/>
      </SchemaBasedProperties>
    </Properties>
  </Variable>
  <SQLQuery>
    <![CDATA[SELECT DISTINCT CHARACTER1 BUYER, CHARACTER2 SEASON
  FROM QA_RESULTS QR
 WHERE QR.PLAN_ID = (SELECT PLAN_ID
                       FROM QA_PLANS QP
                      WHERE QP.NAME = 'BUYER WISE DETAILS OM')
   AND CHARACTER1 = :P_BUYER                   
ORDER BY CHARACTER1]]>
  </SQLQuery>
  <ViewAttribute
    Name="Buyer"
    IsUpdateable="false"
    IsPersistent="false"
    PrecisionRule="true"
    Precision="255"
    Type="java.lang.String"
    ColumnType="VARCHAR2"
    AliasName="BUYER"
    Expression="BUYER"
    SQLType="VARCHAR">
    <DesignTime>
      <Attr Name="_DisplaySize" Value="150"/>
    </DesignTime>
    <Properties>
      <SchemaBasedProperties>
        <DISPLAYWIDTH
          Value="30"/>
      </SchemaBasedProperties>
    </Properties>
  </ViewAttribute>
  <ViewAttribute
    Name="Season"
    IsUpdateable="false"
    IsPersistent="false"
    PrecisionRule="true"
    Precision="150"
    Type="java.lang.String"
    ColumnType="VARCHAR2"
    AliasName="SEASON"
    Expression="SEASON"
    SQLType="VARCHAR">
    <DesignTime>
      <Attr Name="_DisplaySize" Value="150"/>
    </DesignTime>
    <Properties>
      <SchemaBasedProperties>
        <DISPLAYWIDTH
          Value="30"/>
      </SchemaBasedProperties>
    </Properties>
  </ViewAttribute>
  <ResourceBundle>
    <PropertiesBundle
      PropertiesFile="model.ModelBundle"/>
  </ResourceBundle>
</ViewObject>
