<?xml version="1.0" encoding="windows-1252" ?>
<!DOCTYPE ViewObject SYSTEM "jbo_03_01.dtd">
<!---->
<ViewObject
  xmlns="http://xmlns.oracle.com/bc4j"
  Name="StateLOV"
  Version="11.1.1.62.29"
  InheritPersonalization="true"
  BindingStyle="OracleName"
  CustomQuery="true"
  PageIterMode="Full"
  UseGlueCode="false">
  <DesignTime>
    <Attr Name="_isExpertMode" Value="true"/>
  </DesignTime>
  <Properties>
    <SchemaBasedProperties>
      <LABEL
        ResId="model.lov.StateLOV_LABEL"/>
    </SchemaBasedProperties>
  </Properties>
  <SQLQuery>
    <![CDATA[SELECT 'Running' STATE FROM DUAL
UNION
SELECT 'Panding' STATE FROM DUAL
UNION
SELECT 'Transfer' STATE FROM DUAL
UNION
SELECT 'Completed' STATE FROM DUAL]]>
  </SQLQuery>
  <ViewAttribute
    Name="State"
    IsUpdateable="false"
    IsPersistent="false"
    PrecisionRule="true"
    Precision="9"
    Type="java.lang.String"
    ColumnType="VARCHAR2"
    AliasName="STATE"
    Expression="STATE"
    SQLType="VARCHAR">
    <DesignTime>
      <Attr Name="_DisplaySize" Value="9"/>
    </DesignTime>
  </ViewAttribute>
  <ResourceBundle>
    <PropertiesBundle
      PropertiesFile="model.ModelBundle"/>
  </ResourceBundle>
</ViewObject>
