<?xml version="1.0" encoding="windows-1252" ?>
<adfc-config xmlns="http://xmlns.oracle.com/adf/controller" version="1.2">
  <view id="SearchPG">
    <page>/SearchPG.jspx</page>
    <input-page-parameter>
      <from-value>#{param.ParamOrgId}</from-value>
      <to-value>#{viewScope.OrgId}</to-value>
    </input-page-parameter>
    <input-page-parameter>
      <from-value>#{param.ParamUserId}</from-value>
      <to-value>#{viewScope.UserId}</to-value>
    </input-page-parameter>
    <input-page-parameter>
      <from-value>#{param.ParamRespId}</from-value>
      <to-value>#{viewScope.RespId}</to-value>
    </input-page-parameter>
    <input-page-parameter>
      <from-value>#{param.ParamRespAppId}</from-value>
      <to-value>#{viewScope.RespAppId}</to-value>
    </input-page-parameter>
  </view>
  <view id="CreatePG">
    <page>/CreatePG.jspx</page>
  </view>
  <control-flow-rule id="__1">
    <from-activity-id id="__2">SearchPG</from-activity-id>
    <control-flow-case id="__4">
      <from-outcome id="__5">Go to Create</from-outcome>
      <to-activity-id id="__3">CreatePG</to-activity-id>
    </control-flow-case>
  </control-flow-rule>
  <control-flow-rule id="__6">
    <from-activity-id id="__7">CreatePG</from-activity-id>
    <control-flow-case id="__8">
      <from-outcome id="__10">*Go to Search</from-outcome>
      <to-activity-id id="__9">SearchPG</to-activity-id>
    </control-flow-case>
  </control-flow-rule>
  <managed-bean id="__13">
    <managed-bean-name id="__14">ManagedBean</managed-bean-name>
    <managed-bean-class id="__12">mnj.ont.model.view.backing.bean.ManagedBean</managed-bean-class>
    <managed-bean-scope id="__11">request</managed-bean-scope>
  </managed-bean>
</adfc-config>
