<?xml version="1.0" encoding="windows-1252" ?>
<!DOCTYPE Entity SYSTEM "jbo_03_01.dtd">
<!---->
<Entity
  xmlns="http://xmlns.oracle.com/bc4j"
  Name="ImpSaleContractDetailEO"
  Version="11.1.1.62.29"
  InheritPersonalization="true"
  DBObjectType="table"
  DBObjectName="XX_COM_EXPORT_LC_H_T"
  AliasName="ImpSaleContractDetailEO"
  BindingStyle="OracleName"
  UseGlueCode="false"
  RowClass="model.entity.ImpSaleContractDetailEOImpl">
  <DesignTime>
    <AttrArray Name="_publishEvents"/>
    <Attr Name="_codeGenFlag2" Value="Init|Access"/>
    <Attr Name="_isCodegen" Value="true"/>
  </DesignTime>
  <Attribute
    Name="ImpSaleDetailId"
    IsNotNull="true"
    ColumnName="IMP_SALE_DETAIL_ID"
    SQLType="NUMERIC"
    Type="oracle.jbo.domain.Number"
    ColumnType="NUMBER"
    TableName="XX_COM_EXPORT_LC_H_T"
    PrimaryKey="true">
    <DesignTime>
      <Attr Name="_DisplaySize" Value="39"/>
    </DesignTime>
  </Attribute>
  <Attribute
    Name="ImpSaleHeaderId"
    ColumnName="IMP_SALE_HEADER_ID"
    SQLType="NUMERIC"
    Type="oracle.jbo.domain.Number"
    ColumnType="NUMBER"
    TableName="XX_COM_EXPORT_LC_H_T">
    <DesignTime>
      <Attr Name="_DisplaySize" Value="39"/>
    </DesignTime>
  </Attribute>
  <Attribute
    Name="ExportLcNo"
    Precision="250"
    ColumnName="EXPORT_LC_NO"
    SQLType="VARCHAR"
    Type="java.lang.String"
    ColumnType="VARCHAR2"
    TableName="XX_COM_EXPORT_LC_H_T">
    <DesignTime>
      <Attr Name="_DisplaySize" Value="250"/>
    </DesignTime>
  </Attribute>
  <Attribute
    Name="ExportLcValue"
    ColumnName="EXPORT_LC_VALUE"
    SQLType="NUMERIC"
    Type="oracle.jbo.domain.Number"
    ColumnType="NUMBER"
    TableName="XX_COM_EXPORT_LC_H_T">
    <DesignTime>
      <Attr Name="_DisplaySize" Value="39"/>
    </DesignTime>
  </Attribute>
  <Attribute
    Name="ExportLcQuantity"
    ColumnName="EXPORT_LC_QUANTITY"
    SQLType="NUMERIC"
    Type="oracle.jbo.domain.Number"
    ColumnType="NUMBER"
    TableName="XX_COM_EXPORT_LC_H_T">
    <DesignTime>
      <Attr Name="_DisplaySize" Value="39"/>
    </DesignTime>
  </Attribute>
  <Attribute
    Name="ExportLcDate"
    ColumnName="EXPORT_LC_DATE"
    SQLType="TIMESTAMP"
    Type="oracle.jbo.domain.Date"
    ColumnType="DATE"
    TableName="XX_COM_EXPORT_LC_H_T">
    <DesignTime>
      <Attr Name="_DisplaySize" Value="7"/>
    </DesignTime>
  </Attribute>
  <Attribute
    Name="LcIssuingBank"
    Precision="250"
    ColumnName="LC_ISSUING_BANK"
    SQLType="VARCHAR"
    Type="java.lang.String"
    ColumnType="VARCHAR2"
    TableName="XX_COM_EXPORT_LC_H_T">
    <DesignTime>
      <Attr Name="_DisplaySize" Value="250"/>
    </DesignTime>
  </Attribute>
  <Attribute
    Name="AdvisedBank"
    Precision="250"
    ColumnName="ADVISED_BANK"
    SQLType="VARCHAR"
    Type="java.lang.String"
    ColumnType="VARCHAR2"
    TableName="XX_COM_EXPORT_LC_H_T">
    <DesignTime>
      <Attr Name="_DisplaySize" Value="250"/>
    </DesignTime>
  </Attribute>
  <Attribute
    Name="NegotiationDays"
    ColumnName="NEGOTIATION_DAYS"
    SQLType="NUMERIC"
    Type="oracle.jbo.domain.Number"
    ColumnType="NUMBER"
    TableName="XX_COM_EXPORT_LC_H_T">
    <DesignTime>
      <Attr Name="_DisplaySize" Value="39"/>
    </DesignTime>
  </Attribute>
  <Attribute
    Name="SalesTerms"
    Precision="250"
    ColumnName="SALES_TERMS"
    SQLType="VARCHAR"
    Type="java.lang.String"
    ColumnType="VARCHAR2"
    TableName="XX_COM_EXPORT_LC_H_T">
    <DesignTime>
      <Attr Name="_DisplaySize" Value="250"/>
    </DesignTime>
  </Attribute>
  <Attribute
    Name="Currency"
    Precision="3"
    ColumnName="CURRENCY"
    SQLType="VARCHAR"
    Type="java.lang.String"
    ColumnType="VARCHAR2"
    TableName="XX_COM_EXPORT_LC_H_T">
    <DesignTime>
      <Attr Name="_DisplaySize" Value="3"/>
    </DesignTime>
  </Attribute>
  <Attribute
    Name="LastUpdateLogin"
    ColumnName="LAST_UPDATE_LOGIN"
    SQLType="NUMERIC"
    Type="oracle.jbo.domain.Number"
    ColumnType="NUMBER"
    TableName="XX_COM_EXPORT_LC_H_T">
    <DesignTime>
      <Attr Name="_DisplaySize" Value="39"/>
    </DesignTime>
  </Attribute>
  <Attribute
    Name="LastUpdateDate"
    ColumnName="LAST_UPDATE_DATE"
    SQLType="TIMESTAMP"
    Type="oracle.jbo.domain.Date"
    ColumnType="DATE"
    TableName="XX_COM_EXPORT_LC_H_T">
    <DesignTime>
      <Attr Name="_DisplaySize" Value="7"/>
    </DesignTime>
  </Attribute>
  <Attribute
    Name="LastUpdatedBy"
    Precision="15"
    Scale="0"
    ColumnName="LAST_UPDATED_BY"
    SQLType="NUMERIC"
    Type="oracle.jbo.domain.Number"
    ColumnType="NUMBER"
    TableName="XX_COM_EXPORT_LC_H_T">
    <DesignTime>
      <Attr Name="_DisplaySize" Value="16"/>
    </DesignTime>
  </Attribute>
  <Attribute
    Name="CreationDate"
    ColumnName="CREATION_DATE"
    SQLType="TIMESTAMP"
    Type="oracle.jbo.domain.Date"
    ColumnType="DATE"
    TableName="XX_COM_EXPORT_LC_H_T">
    <DesignTime>
      <Attr Name="_DisplaySize" Value="7"/>
    </DesignTime>
  </Attribute>
  <Attribute
    Name="CreatedBy"
    Precision="15"
    Scale="0"
    ColumnName="CREATED_BY"
    SQLType="NUMERIC"
    Type="oracle.jbo.domain.Number"
    ColumnType="NUMBER"
    TableName="XX_COM_EXPORT_LC_H_T">
    <DesignTime>
      <Attr Name="_DisplaySize" Value="16"/>
    </DesignTime>
  </Attribute>
  <Attribute
    Name="Attribute1"
    Precision="250"
    ColumnName="ATTRIBUTE1"
    SQLType="VARCHAR"
    Type="java.lang.String"
    ColumnType="VARCHAR2"
    TableName="XX_COM_EXPORT_LC_H_T">
    <DesignTime>
      <Attr Name="_DisplaySize" Value="250"/>
    </DesignTime>
  </Attribute>
  <Attribute
    Name="Attribute2"
    Precision="250"
    ColumnName="ATTRIBUTE2"
    SQLType="VARCHAR"
    Type="java.lang.String"
    ColumnType="VARCHAR2"
    TableName="XX_COM_EXPORT_LC_H_T">
    <DesignTime>
      <Attr Name="_DisplaySize" Value="250"/>
    </DesignTime>
  </Attribute>
  <Attribute
    Name="Attribute3"
    Precision="250"
    ColumnName="ATTRIBUTE3"
    SQLType="VARCHAR"
    Type="java.lang.String"
    ColumnType="VARCHAR2"
    TableName="XX_COM_EXPORT_LC_H_T">
    <DesignTime>
      <Attr Name="_DisplaySize" Value="250"/>
    </DesignTime>
  </Attribute>
  <Attribute
    Name="Attribute4"
    Precision="250"
    ColumnName="ATTRIBUTE4"
    SQLType="VARCHAR"
    Type="java.lang.String"
    ColumnType="VARCHAR2"
    TableName="XX_COM_EXPORT_LC_H_T">
    <DesignTime>
      <Attr Name="_DisplaySize" Value="250"/>
    </DesignTime>
  </Attribute>
  <Attribute
    Name="Attribute5"
    Precision="250"
    ColumnName="ATTRIBUTE5"
    SQLType="VARCHAR"
    Type="java.lang.String"
    ColumnType="VARCHAR2"
    TableName="XX_COM_EXPORT_LC_H_T">
    <DesignTime>
      <Attr Name="_DisplaySize" Value="250"/>
    </DesignTime>
  </Attribute>
  <Attribute
    Name="Attribute6"
    Precision="250"
    ColumnName="ATTRIBUTE6"
    SQLType="VARCHAR"
    Type="java.lang.String"
    ColumnType="VARCHAR2"
    TableName="XX_COM_EXPORT_LC_H_T">
    <DesignTime>
      <Attr Name="_DisplaySize" Value="250"/>
    </DesignTime>
  </Attribute>
  <Attribute
    Name="Attribute7"
    Precision="250"
    ColumnName="ATTRIBUTE7"
    SQLType="VARCHAR"
    Type="java.lang.String"
    ColumnType="VARCHAR2"
    TableName="XX_COM_EXPORT_LC_H_T">
    <DesignTime>
      <Attr Name="_DisplaySize" Value="250"/>
    </DesignTime>
  </Attribute>
  <Attribute
    Name="Attribute8"
    Precision="250"
    ColumnName="ATTRIBUTE8"
    SQLType="VARCHAR"
    Type="java.lang.String"
    ColumnType="VARCHAR2"
    TableName="XX_COM_EXPORT_LC_H_T">
    <DesignTime>
      <Attr Name="_DisplaySize" Value="250"/>
    </DesignTime>
  </Attribute>
  <Attribute
    Name="Attribute9"
    Precision="250"
    ColumnName="ATTRIBUTE9"
    SQLType="VARCHAR"
    Type="java.lang.String"
    ColumnType="VARCHAR2"
    TableName="XX_COM_EXPORT_LC_H_T">
    <DesignTime>
      <Attr Name="_DisplaySize" Value="250"/>
    </DesignTime>
  </Attribute>
  <Attribute
    Name="Attribute10"
    Precision="250"
    ColumnName="ATTRIBUTE10"
    SQLType="VARCHAR"
    Type="java.lang.String"
    ColumnType="VARCHAR2"
    TableName="XX_COM_EXPORT_LC_H_T">
    <DesignTime>
      <Attr Name="_DisplaySize" Value="250"/>
    </DesignTime>
  </Attribute>
  <Attribute
    Name="Attribute11"
    Precision="250"
    ColumnName="ATTRIBUTE11"
    SQLType="VARCHAR"
    Type="java.lang.String"
    ColumnType="VARCHAR2"
    TableName="XX_COM_EXPORT_LC_H_T">
    <DesignTime>
      <Attr Name="_DisplaySize" Value="250"/>
    </DesignTime>
  </Attribute>
  <Attribute
    Name="Attribute12"
    Precision="250"
    ColumnName="ATTRIBUTE12"
    SQLType="VARCHAR"
    Type="java.lang.String"
    ColumnType="VARCHAR2"
    TableName="XX_COM_EXPORT_LC_H_T">
    <DesignTime>
      <Attr Name="_DisplaySize" Value="250"/>
    </DesignTime>
  </Attribute>
  <Attribute
    Name="Attribute13"
    Precision="250"
    ColumnName="ATTRIBUTE13"
    SQLType="VARCHAR"
    Type="java.lang.String"
    ColumnType="VARCHAR2"
    TableName="XX_COM_EXPORT_LC_H_T">
    <DesignTime>
      <Attr Name="_DisplaySize" Value="250"/>
    </DesignTime>
  </Attribute>
  <Attribute
    Name="Attribute14"
    Precision="250"
    ColumnName="ATTRIBUTE14"
    SQLType="VARCHAR"
    Type="java.lang.String"
    ColumnType="VARCHAR2"
    TableName="XX_COM_EXPORT_LC_H_T">
    <DesignTime>
      <Attr Name="_DisplaySize" Value="250"/>
    </DesignTime>
  </Attribute>
  <Attribute
    Name="Attribute15"
    Precision="250"
    ColumnName="ATTRIBUTE15"
    SQLType="VARCHAR"
    Type="java.lang.String"
    ColumnType="VARCHAR2"
    TableName="XX_COM_EXPORT_LC_H_T">
    <DesignTime>
      <Attr Name="_DisplaySize" Value="250"/>
    </DesignTime>
  </Attribute>
  <Attribute
    Name="Attribute16"
    Precision="250"
    ColumnName="ATTRIBUTE16"
    SQLType="VARCHAR"
    Type="java.lang.String"
    ColumnType="VARCHAR2"
    TableName="XX_COM_EXPORT_LC_H_T">
    <DesignTime>
      <Attr Name="_DisplaySize" Value="250"/>
    </DesignTime>
  </Attribute>
  <Attribute
    Name="Attribute17"
    Precision="250"
    ColumnName="ATTRIBUTE17"
    SQLType="VARCHAR"
    Type="java.lang.String"
    ColumnType="VARCHAR2"
    TableName="XX_COM_EXPORT_LC_H_T">
    <DesignTime>
      <Attr Name="_DisplaySize" Value="250"/>
    </DesignTime>
  </Attribute>
  <Attribute
    Name="Attribute18"
    Precision="250"
    ColumnName="ATTRIBUTE18"
    SQLType="VARCHAR"
    Type="java.lang.String"
    ColumnType="VARCHAR2"
    TableName="XX_COM_EXPORT_LC_H_T">
    <DesignTime>
      <Attr Name="_DisplaySize" Value="250"/>
    </DesignTime>
  </Attribute>
  <Attribute
    Name="Attribute19"
    Precision="250"
    ColumnName="ATTRIBUTE19"
    SQLType="VARCHAR"
    Type="java.lang.String"
    ColumnType="VARCHAR2"
    TableName="XX_COM_EXPORT_LC_H_T">
    <DesignTime>
      <Attr Name="_DisplaySize" Value="250"/>
    </DesignTime>
  </Attribute>
  <Attribute
    Name="Attribute20"
    Precision="250"
    ColumnName="ATTRIBUTE20"
    SQLType="VARCHAR"
    Type="java.lang.String"
    ColumnType="VARCHAR2"
    TableName="XX_COM_EXPORT_LC_H_T">
    <DesignTime>
      <Attr Name="_DisplaySize" Value="250"/>
    </DesignTime>
  </Attribute>
  <Attribute
    Name="Attribute21"
    Precision="250"
    ColumnName="ATTRIBUTE21"
    SQLType="VARCHAR"
    Type="java.lang.String"
    ColumnType="VARCHAR2"
    TableName="XX_COM_EXPORT_LC_H_T">
    <DesignTime>
      <Attr Name="_DisplaySize" Value="250"/>
    </DesignTime>
  </Attribute>
  <Attribute
    Name="Attribute22"
    Precision="250"
    ColumnName="ATTRIBUTE22"
    SQLType="VARCHAR"
    Type="java.lang.String"
    ColumnType="VARCHAR2"
    TableName="XX_COM_EXPORT_LC_H_T">
    <DesignTime>
      <Attr Name="_DisplaySize" Value="250"/>
    </DesignTime>
  </Attribute>
  <Attribute
    Name="Attribute23"
    Precision="250"
    ColumnName="ATTRIBUTE23"
    SQLType="VARCHAR"
    Type="java.lang.String"
    ColumnType="VARCHAR2"
    TableName="XX_COM_EXPORT_LC_H_T">
    <DesignTime>
      <Attr Name="_DisplaySize" Value="250"/>
    </DesignTime>
  </Attribute>
  <Attribute
    Name="Attribute24"
    Precision="250"
    ColumnName="ATTRIBUTE24"
    SQLType="VARCHAR"
    Type="java.lang.String"
    ColumnType="VARCHAR2"
    TableName="XX_COM_EXPORT_LC_H_T">
    <DesignTime>
      <Attr Name="_DisplaySize" Value="250"/>
    </DesignTime>
  </Attribute>
  <Attribute
    Name="Attribute25"
    Precision="250"
    ColumnName="ATTRIBUTE25"
    SQLType="VARCHAR"
    Type="java.lang.String"
    ColumnType="VARCHAR2"
    TableName="XX_COM_EXPORT_LC_H_T">
    <DesignTime>
      <Attr Name="_DisplaySize" Value="250"/>
    </DesignTime>
  </Attribute>
  <Attribute
    Name="Attribute26"
    Precision="250"
    ColumnName="ATTRIBUTE26"
    SQLType="VARCHAR"
    Type="java.lang.String"
    ColumnType="VARCHAR2"
    TableName="XX_COM_EXPORT_LC_H_T">
    <DesignTime>
      <Attr Name="_DisplaySize" Value="250"/>
    </DesignTime>
  </Attribute>
  <Attribute
    Name="Attribute27"
    Precision="250"
    ColumnName="ATTRIBUTE27"
    SQLType="VARCHAR"
    Type="java.lang.String"
    ColumnType="VARCHAR2"
    TableName="XX_COM_EXPORT_LC_H_T">
    <DesignTime>
      <Attr Name="_DisplaySize" Value="250"/>
    </DesignTime>
  </Attribute>
  <Attribute
    Name="Attribute28"
    Precision="250"
    ColumnName="ATTRIBUTE28"
    SQLType="VARCHAR"
    Type="java.lang.String"
    ColumnType="VARCHAR2"
    TableName="XX_COM_EXPORT_LC_H_T">
    <DesignTime>
      <Attr Name="_DisplaySize" Value="250"/>
    </DesignTime>
  </Attribute>
  <Attribute
    Name="Attribute29"
    Precision="250"
    ColumnName="ATTRIBUTE29"
    SQLType="VARCHAR"
    Type="java.lang.String"
    ColumnType="VARCHAR2"
    TableName="XX_COM_EXPORT_LC_H_T">
    <DesignTime>
      <Attr Name="_DisplaySize" Value="250"/>
    </DesignTime>
  </Attribute>
  <Attribute
    Name="Attribute30"
    Precision="250"
    ColumnName="ATTRIBUTE30"
    SQLType="VARCHAR"
    Type="java.lang.String"
    ColumnType="VARCHAR2"
    TableName="XX_COM_EXPORT_LC_H_T">
    <DesignTime>
      <Attr Name="_DisplaySize" Value="250"/>
    </DesignTime>
  </Attribute>
  <AccessorAttribute
    Name="ImpSaleContractAmendEO"
    Association="model.entity.XxComExportLcLFkAssoc"
    AssociationEnd="model.entity.XxComExportLcLFkAssoc.ImpSaleContractAmendEO"
    AssociationOtherEnd="model.entity.XxComExportLcLFkAssoc.ImpSaleContractDetailEO"
    Type="oracle.jbo.RowIterator"
    IsUpdateable="false"/>
  <AccessorAttribute
    Name="ImpSaleContrHeaderEO"
    Association="model.entity.IedocImpSaleContrDetailKfAssoc"
    AssociationEnd="model.entity.IedocImpSaleContrDetailKfAssoc.ImpSaleContrHeaderEO"
    AssociationOtherEnd="model.entity.IedocImpSaleContrDetailKfAssoc.ImpSaleContractDetailEO"
    Type="model.entity.ImpSaleContrHeaderEOImpl"
    IsUpdateable="true"/>
  <Key
    Name="XxComExportLcHPk"
    PrimaryKey="true">
    <DesignTime>
      <Attr Name="_DBObjectName" Value="XX_COM_EXPORT_LC_H_PK"/>
    </DesignTime>
    <AttrArray Name="Attributes">
      <Item Value="model.entity.ImpSaleContractDetailEO.ImpSaleDetailId"/>
    </AttrArray>
  </Key>
  <Key
    Name="XxComExportLcHFk">
    <DesignTime>
      <Attr Name="_referencedKey" Value="XX_COM_SALES_CONTRACT_H_PK"/>
      <Attr Name="_isForeign" Value="true"/>
      <Attr Name="_DBObjectName" Value="XX_COM_EXPORT_LC_H_FK"/>
    </DesignTime>
    <AttrArray Name="Attributes">
      <Item Value="model.entity.ImpSaleContractDetailEO.ImpSaleHeaderId"/>
    </AttrArray>
  </Key>
</Entity>
