<?xml version="1.0" encoding="windows-1252" ?>
<!DOCTYPE Entity SYSTEM "jbo_03_01.dtd">
<!---->
<Entity
  xmlns="http://xmlns.oracle.com/bc4j"
  Name="ImpSaleContractAmendEO"
  Version="11.1.1.62.29"
  InheritPersonalization="true"
  DBObjectType="table"
  DBObjectName="XX_COM_EXPORT_LC_L_T"
  AliasName="ImpSaleContractAmendEO"
  BindingStyle="OracleName"
  UseGlueCode="false"
  RowClass="model.entity.ImpSaleContractAmendEOImpl">
  <DesignTime>
    <AttrArray Name="_publishEvents"/>
    <Attr Name="_codeGenFlag2" Value="Init|Access"/>
    <Attr Name="_isCodegen" Value="true"/>
  </DesignTime>
  <Attribute
    Name="AmendSaleLineId"
    IsNotNull="true"
    ColumnName="AMEND_SALE_LINE_ID"
    SQLType="NUMERIC"
    Type="oracle.jbo.domain.Number"
    ColumnType="NUMBER"
    TableName="XX_COM_EXPORT_LC_L_T"
    PrimaryKey="true">
    <DesignTime>
      <Attr Name="_DisplaySize" Value="39"/>
    </DesignTime>
  </Attribute>
  <Attribute
    Name="ImpSaleDetailId"
    ColumnName="IMP_SALE_DETAIL_ID"
    SQLType="NUMERIC"
    Type="oracle.jbo.domain.Number"
    ColumnType="NUMBER"
    TableName="XX_COM_EXPORT_LC_L_T">
    <DesignTime>
      <Attr Name="_DisplaySize" Value="39"/>
    </DesignTime>
  </Attribute>
  <Attribute
    Name="StyleNo"
    Precision="250"
    ColumnName="STYLE_NO"
    SQLType="VARCHAR"
    Type="java.lang.String"
    ColumnType="VARCHAR2"
    TableName="XX_COM_EXPORT_LC_L_T">
    <DesignTime>
      <Attr Name="_DisplaySize" Value="250"/>
    </DesignTime>
  </Attribute>
  <Attribute
    Name="BpoNo"
    Precision="250"
    ColumnName="BPO_NO"
    SQLType="VARCHAR"
    Type="java.lang.String"
    ColumnType="VARCHAR2"
    TableName="XX_COM_EXPORT_LC_L_T">
    <DesignTime>
      <Attr Name="_DisplaySize" Value="250"/>
    </DesignTime>
  </Attribute>
  <Attribute
    Name="ItemDescription"
    Precision="250"
    ColumnName="ITEM_DESCRIPTION"
    SQLType="VARCHAR"
    Type="java.lang.String"
    ColumnType="VARCHAR2"
    TableName="XX_COM_EXPORT_LC_L_T">
    <DesignTime>
      <Attr Name="_DisplaySize" Value="250"/>
    </DesignTime>
  </Attribute>
  <Attribute
    Name="Quantity"
    ColumnName="QUANTITY"
    SQLType="NUMERIC"
    Type="oracle.jbo.domain.Number"
    ColumnType="NUMBER"
    TableName="XX_COM_EXPORT_LC_L_T">
    <DesignTime>
      <Attr Name="_DisplaySize" Value="39"/>
    </DesignTime>
  </Attribute>
  <Attribute
    Name="UnitPrice"
    ColumnName="UNIT_PRICE"
    SQLType="NUMERIC"
    Type="oracle.jbo.domain.Number"
    ColumnType="NUMBER"
    TableName="XX_COM_EXPORT_LC_L_T">
    <DesignTime>
      <Attr Name="_DisplaySize" Value="39"/>
    </DesignTime>
  </Attribute>
  <Attribute
    Name="TotalValue"
    ColumnName="TOTAL_VALUE"
    SQLType="NUMERIC"
    Type="oracle.jbo.domain.Number"
    ColumnType="NUMBER"
    TableName="XX_COM_EXPORT_LC_L_T">
    <DesignTime>
      <Attr Name="_DisplaySize" Value="39"/>
    </DesignTime>
  </Attribute>
  <Attribute
    Name="ShipExFactoryDate"
    ColumnName="SHIP_EX_FACTORY_DATE"
    SQLType="TIMESTAMP"
    Type="oracle.jbo.domain.Date"
    ColumnType="DATE"
    TableName="XX_COM_EXPORT_LC_L_T">
    <DesignTime>
      <Attr Name="_DisplaySize" Value="7"/>
    </DesignTime>
  </Attribute>
  <Attribute
    Name="ShipCancelExBdDate"
    ColumnName="SHIP_CANCEL_EX_BD_DATE"
    SQLType="TIMESTAMP"
    Type="oracle.jbo.domain.Date"
    ColumnType="DATE"
    TableName="XX_COM_EXPORT_LC_L_T">
    <DesignTime>
      <Attr Name="_DisplaySize" Value="7"/>
    </DesignTime>
  </Attribute>
  <Attribute
    Name="SalesTerm"
    Precision="250"
    ColumnName="SALES_TERM"
    SQLType="VARCHAR"
    Type="java.lang.String"
    ColumnType="VARCHAR2"
    TableName="XX_COM_EXPORT_LC_L_T">
    <DesignTime>
      <Attr Name="_DisplaySize" Value="250"/>
    </DesignTime>
  </Attribute>
  <Attribute
    Name="Status"
    Precision="250"
    ColumnName="STATUS"
    SQLType="VARCHAR"
    Type="java.lang.String"
    ColumnType="VARCHAR2"
    TableName="XX_COM_EXPORT_LC_L_T">
    <DesignTime>
      <Attr Name="_DisplaySize" Value="250"/>
    </DesignTime>
  </Attribute>
  <Attribute
    Name="LastUpdateLogin"
    ColumnName="LAST_UPDATE_LOGIN"
    SQLType="NUMERIC"
    Type="oracle.jbo.domain.Number"
    ColumnType="NUMBER"
    TableName="XX_COM_EXPORT_LC_L_T">
    <DesignTime>
      <Attr Name="_DisplaySize" Value="39"/>
    </DesignTime>
  </Attribute>
  <Attribute
    Name="LastUpdateDate"
    ColumnName="LAST_UPDATE_DATE"
    SQLType="TIMESTAMP"
    Type="oracle.jbo.domain.Date"
    ColumnType="DATE"
    TableName="XX_COM_EXPORT_LC_L_T">
    <DesignTime>
      <Attr Name="_DisplaySize" Value="7"/>
    </DesignTime>
  </Attribute>
  <Attribute
    Name="LastUpdatedBy"
    Precision="15"
    Scale="0"
    ColumnName="LAST_UPDATED_BY"
    SQLType="NUMERIC"
    Type="oracle.jbo.domain.Number"
    ColumnType="NUMBER"
    TableName="XX_COM_EXPORT_LC_L_T">
    <DesignTime>
      <Attr Name="_DisplaySize" Value="16"/>
    </DesignTime>
  </Attribute>
  <Attribute
    Name="CreationDate"
    ColumnName="CREATION_DATE"
    SQLType="TIMESTAMP"
    Type="oracle.jbo.domain.Date"
    ColumnType="DATE"
    TableName="XX_COM_EXPORT_LC_L_T">
    <DesignTime>
      <Attr Name="_DisplaySize" Value="7"/>
    </DesignTime>
  </Attribute>
  <Attribute
    Name="CreatedBy"
    Precision="15"
    Scale="0"
    ColumnName="CREATED_BY"
    SQLType="NUMERIC"
    Type="oracle.jbo.domain.Number"
    ColumnType="NUMBER"
    TableName="XX_COM_EXPORT_LC_L_T">
    <DesignTime>
      <Attr Name="_DisplaySize" Value="16"/>
    </DesignTime>
  </Attribute>
  <Attribute
    Name="Attribute1"
    Precision="250"
    ColumnName="ATTRIBUTE1"
    SQLType="VARCHAR"
    Type="java.lang.String"
    ColumnType="VARCHAR2"
    TableName="XX_COM_EXPORT_LC_L_T">
    <DesignTime>
      <Attr Name="_DisplaySize" Value="250"/>
    </DesignTime>
  </Attribute>
  <AccessorAttribute
    Name="ImpSaleContractDetailEO"
    Association="model.entity.XxComExportLcLFkAssoc"
    AssociationEnd="model.entity.XxComExportLcLFkAssoc.ImpSaleContractDetailEO"
    AssociationOtherEnd="model.entity.XxComExportLcLFkAssoc.ImpSaleContractAmendEO"
    Type="oracle.jbo.server.EntityImpl"
    IsUpdateable="true"/>
  <Key
    Name="XxComExportLcLPk"
    PrimaryKey="true">
    <DesignTime>
      <Attr Name="_DBObjectName" Value="XX_COM_EXPORT_LC_L_PK"/>
    </DesignTime>
    <AttrArray Name="Attributes">
      <Item Value="model.entity.ImpSaleContractAmendEO.AmendSaleLineId"/>
    </AttrArray>
  </Key>
  <Key
    Name="XxComExportLcLFk">
    <DesignTime>
      <Attr Name="_referencedKey" Value="XX_COM_EXPORT_LC_H_PK"/>
      <Attr Name="_isForeign" Value="true"/>
      <Attr Name="_DBObjectName" Value="XX_COM_EXPORT_LC_L_FK"/>
    </DesignTime>
    <AttrArray Name="Attributes">
      <Item Value="model.entity.ImpSaleContractAmendEO.ImpSaleDetailId"/>
    </AttrArray>
  </Key>
</Entity>
