<?xml version="1.0" encoding="windows-1252" ?>
<!DOCTYPE Entity SYSTEM "jbo_03_01.dtd">
<!---->
<Entity
  xmlns="http://xmlns.oracle.com/bc4j"
  Name="ImpSaleContrHeaderEO"
  Version="12.2.1.22.48"
  InheritPersonalization="true"
  DBObjectType="table"
  DBObjectName="XX_COM_SALES_CONTRACT_H_T"
  AliasName="ImpSaleContrHeaderEO"
  BindingStyle="OracleName"
  RowClass="model.entity.ImpSaleContrHeaderEOImpl">
  <DesignTime>
    <Attr Name="_codeGenFlag2" Value="Init|Delete|Access|DML"/>
    <AttrArray Name="_publishEvents"/>
    <Attr Name="_isCodegen" Value="true"/>
  </DesignTime>
  <Attribute
    Name="ImpSaleHeaderId"
    IsNotNull="true"
    ColumnName="IMP_SALE_HEADER_ID"
    SQLType="NUMERIC"
    Type="oracle.jbo.domain.Number"
    ColumnType="NUMBER"
    TableName="XX_COM_SALES_CONTRACT_H_T"
    PrimaryKey="true">
    <DesignTime>
      <Attr Name="_DisplaySize" Value="39"/>
    </DesignTime>
  </Attribute>
  <Attribute
    Name="ImpSaleContractNo"
    Precision="250"
    ColumnName="IMP_SALE_CONTRACT_NO"
    SQLType="VARCHAR"
    Type="java.lang.String"
    ColumnType="VARCHAR2"
    TableName="XX_COM_SALES_CONTRACT_H_T">
    <DesignTime>
      <Attr Name="_DisplaySize" Value="250"/>
    </DesignTime>
  </Attribute>
  <Attribute
    Name="ExportLcNo"
    Precision="250"
    ColumnName="EXPORT_LC_NO"
    SQLType="VARCHAR"
    Type="java.lang.String"
    ColumnType="VARCHAR2"
    TableName="XX_COM_SALES_CONTRACT_H_T">
    <DesignTime>
      <Attr Name="_DisplaySize" Value="250"/>
    </DesignTime>
  </Attribute>
  <Attribute
    Name="ContractDate"
    ColumnName="CONTRACT_DATE"
    SQLType="TIMESTAMP"
    Type="oracle.jbo.domain.Date"
    ColumnType="DATE"
    TableName="XX_COM_SALES_CONTRACT_H_T">
    <DesignTime>
      <Attr Name="_DisplaySize" Value="7"/>
    </DesignTime>
  </Attribute>
  <Attribute
    Name="BuyerName"
    ColumnName="BUYER_NAME"
    SQLType="NUMERIC"
    Type="oracle.jbo.domain.Number"
    ColumnType="NUMBER"
    TableName="XX_COM_SALES_CONTRACT_H_T">
    <DesignTime>
      <Attr Name="_DisplaySize" Value="39"/>
    </DesignTime>
  </Attribute>
  <Attribute
    Name="Division"
    Precision="250"
    ColumnName="DIVISION"
    SQLType="VARCHAR"
    Type="java.lang.String"
    ColumnType="VARCHAR2"
    TableName="XX_COM_SALES_CONTRACT_H_T">
    <DesignTime>
      <Attr Name="_DisplaySize" Value="250"/>
    </DesignTime>
  </Attribute>
  <Attribute
    Name="Season"
    Precision="250"
    ColumnName="SEASON"
    SQLType="VARCHAR"
    Type="java.lang.String"
    ColumnType="VARCHAR2"
    TableName="XX_COM_SALES_CONTRACT_H_T">
    <DesignTime>
      <Attr Name="_DisplaySize" Value="250"/>
    </DesignTime>
  </Attribute>
  <Attribute
    Name="SalesTerms"
    Precision="250"
    ColumnName="SALES_TERMS"
    SQLType="VARCHAR"
    Type="java.lang.String"
    ColumnType="VARCHAR2"
    TableName="XX_COM_SALES_CONTRACT_H_T">
    <DesignTime>
      <Attr Name="_DisplaySize" Value="250"/>
    </DesignTime>
  </Attribute>
  <Attribute
    Name="Currency"
    Precision="3"
    ColumnName="CURRENCY"
    SQLType="VARCHAR"
    Type="java.lang.String"
    ColumnType="VARCHAR2"
    TableName="XX_COM_SALES_CONTRACT_H_T">
    <DesignTime>
      <Attr Name="_DisplaySize" Value="3"/>
    </DesignTime>
  </Attribute>
  <Attribute
    Name="CommisionPerc"
    ColumnName="COMMISION_PERC"
    SQLType="NUMERIC"
    Type="oracle.jbo.domain.Number"
    ColumnType="NUMBER"
    TableName="XX_COM_SALES_CONTRACT_H_T">
    <DesignTime>
      <Attr Name="_DisplaySize" Value="39"/>
    </DesignTime>
  </Attribute>
  <Attribute
    Name="CommisionType"
    Precision="250"
    ColumnName="COMMISION_TYPE"
    SQLType="VARCHAR"
    Type="java.lang.String"
    ColumnType="VARCHAR2"
    TableName="XX_COM_SALES_CONTRACT_H_T">
    <DesignTime>
      <Attr Name="_DisplaySize" Value="250"/>
    </DesignTime>
  </Attribute>
  <Attribute
    Name="NegotiationDays"
    ColumnName="NEGOTIATION_DAYS"
    SQLType="NUMERIC"
    Type="oracle.jbo.domain.Number"
    ColumnType="NUMBER"
    TableName="XX_COM_SALES_CONTRACT_H_T">
    <DesignTime>
      <Attr Name="_DisplaySize" Value="39"/>
    </DesignTime>
  </Attribute>
  <Attribute
    Name="OrderType"
    Precision="250"
    ColumnName="ORDER_TYPE"
    SQLType="VARCHAR"
    Type="java.lang.String"
    ColumnType="VARCHAR2"
    TableName="XX_COM_SALES_CONTRACT_H_T">
    <DesignTime>
      <Attr Name="_DisplaySize" Value="250"/>
    </DesignTime>
  </Attribute>
  <Attribute
    Name="ExportLcReplace"
    Precision="250"
    ColumnName="EXPORT_LC_REPLACE"
    SQLType="VARCHAR"
    Type="java.lang.String"
    ColumnType="VARCHAR2"
    TableName="XX_COM_SALES_CONTRACT_H_T">
    <DesignTime>
      <Attr Name="_DisplaySize" Value="250"/>
    </DesignTime>
  </Attribute>
  <Attribute
    Name="ContractAmmendNo"
    Precision="250"
    ColumnName="CONTRACT_AMMEND_NO"
    SQLType="VARCHAR"
    Type="java.lang.String"
    ColumnType="VARCHAR2"
    TableName="XX_COM_SALES_CONTRACT_H_T">
    <DesignTime>
      <Attr Name="_DisplaySize" Value="250"/>
    </DesignTime>
  </Attribute>
  <Attribute
    Name="ContractAmmendDate"
    ColumnName="CONTRACT_AMMEND_DATE"
    SQLType="TIMESTAMP"
    Type="oracle.jbo.domain.Date"
    ColumnType="DATE"
    TableName="XX_COM_SALES_CONTRACT_H_T">
    <DesignTime>
      <Attr Name="_DisplaySize" Value="7"/>
    </DesignTime>
  </Attribute>
  <Attribute
    Name="ContractValue"
    ColumnName="CONTRACT_VALUE"
    SQLType="NUMERIC"
    Type="oracle.jbo.domain.Number"
    ColumnType="NUMBER"
    TableName="XX_COM_SALES_CONTRACT_H_T">
    <DesignTime>
      <Attr Name="_DisplaySize" Value="39"/>
    </DesignTime>
  </Attribute>
  <Attribute
    Name="ContractQuantity"
    ColumnName="CONTRACT_QUANTITY"
    SQLType="NUMERIC"
    Type="oracle.jbo.domain.Number"
    ColumnType="NUMBER"
    TableName="XX_COM_SALES_CONTRACT_H_T">
    <DesignTime>
      <Attr Name="_DisplaySize" Value="39"/>
    </DesignTime>
  </Attribute>
  <Attribute
    Name="LastShipDate"
    ColumnName="LAST_SHIP_DATE"
    SQLType="TIMESTAMP"
    Type="oracle.jbo.domain.Date"
    ColumnType="DATE"
    TableName="XX_COM_SALES_CONTRACT_H_T">
    <DesignTime>
      <Attr Name="_DisplaySize" Value="7"/>
    </DesignTime>
  </Attribute>
  <Attribute
    Name="ContractExpiryDate"
    ColumnName="CONTRACT_EXPIRY_DATE"
    SQLType="TIMESTAMP"
    Type="oracle.jbo.domain.Date"
    ColumnType="DATE"
    TableName="XX_COM_SALES_CONTRACT_H_T">
    <DesignTime>
      <Attr Name="_DisplaySize" Value="7"/>
    </DesignTime>
  </Attribute>
  <Attribute
    Name="ExportLcValue"
    ColumnName="EXPORT_LC_VALUE"
    SQLType="NUMERIC"
    Type="oracle.jbo.domain.Number"
    ColumnType="NUMBER"
    TableName="XX_COM_SALES_CONTRACT_H_T">
    <DesignTime>
      <Attr Name="_DisplaySize" Value="39"/>
    </DesignTime>
  </Attribute>
  <Attribute
    Name="ExportLcQuantity"
    ColumnName="EXPORT_LC_QUANTITY"
    SQLType="NUMERIC"
    Type="oracle.jbo.domain.Number"
    ColumnType="NUMBER"
    TableName="XX_COM_SALES_CONTRACT_H_T">
    <DesignTime>
      <Attr Name="_DisplaySize" Value="39"/>
    </DesignTime>
  </Attribute>
  <Attribute
    Name="ExportLcDate"
    ColumnName="EXPORT_LC_DATE"
    SQLType="TIMESTAMP"
    Type="oracle.jbo.domain.Date"
    ColumnType="DATE"
    TableName="XX_COM_SALES_CONTRACT_H_T">
    <DesignTime>
      <Attr Name="_DisplaySize" Value="7"/>
    </DesignTime>
  </Attribute>
  <Attribute
    Name="LcIssuingBank"
    Precision="250"
    ColumnName="LC_ISSUING_BANK"
    SQLType="VARCHAR"
    Type="java.lang.String"
    ColumnType="VARCHAR2"
    TableName="XX_COM_SALES_CONTRACT_H_T">
    <DesignTime>
      <Attr Name="_DisplaySize" Value="250"/>
    </DesignTime>
  </Attribute>
  <Attribute
    Name="VersionNo"
    ColumnName="VERSION_NO"
    SQLType="NUMERIC"
    Type="oracle.jbo.domain.Number"
    ColumnType="NUMBER"
    TableName="XX_COM_SALES_CONTRACT_H_T">
    <DesignTime>
      <Attr Name="_DisplaySize" Value="39"/>
    </DesignTime>
  </Attribute>
  <Attribute
    Name="VersionDate"
    ColumnName="VERSION_DATE"
    SQLType="TIMESTAMP"
    Type="oracle.jbo.domain.Date"
    ColumnType="DATE"
    TableName="XX_COM_SALES_CONTRACT_H_T">
    <DesignTime>
      <Attr Name="_DisplaySize" Value="7"/>
    </DesignTime>
    <TransientExpression
      Name="ExpressionScript"><![CDATA[adf.currentDate]]></TransientExpression>
  </Attribute>
  <Attribute
    Name="LastUpdateLogin"
    ColumnName="LAST_UPDATE_LOGIN"
    SQLType="NUMERIC"
    Type="oracle.jbo.domain.Number"
    ColumnType="NUMBER"
    TableName="XX_COM_SALES_CONTRACT_H_T">
    <DesignTime>
      <Attr Name="_DisplaySize" Value="39"/>
    </DesignTime>
  </Attribute>
  <Attribute
    Name="LastUpdateDate"
    ColumnName="LAST_UPDATE_DATE"
    SQLType="TIMESTAMP"
    Type="oracle.jbo.domain.Date"
    ColumnType="DATE"
    TableName="XX_COM_SALES_CONTRACT_H_T">
    <DesignTime>
      <Attr Name="_DisplaySize" Value="7"/>
    </DesignTime>
  </Attribute>
  <Attribute
    Name="LastUpdatedBy"
    Precision="15"
    Scale="0"
    ColumnName="LAST_UPDATED_BY"
    SQLType="NUMERIC"
    Type="oracle.jbo.domain.Number"
    ColumnType="NUMBER"
    TableName="XX_COM_SALES_CONTRACT_H_T">
    <DesignTime>
      <Attr Name="_DisplaySize" Value="16"/>
    </DesignTime>
  </Attribute>
  <Attribute
    Name="CreationDate"
    ColumnName="CREATION_DATE"
    SQLType="TIMESTAMP"
    Type="oracle.jbo.domain.Date"
    ColumnType="DATE"
    TableName="XX_COM_SALES_CONTRACT_H_T">
    <DesignTime>
      <Attr Name="_DisplaySize" Value="7"/>
    </DesignTime>
  </Attribute>
  <Attribute
    Name="CreatedBy"
    Precision="15"
    Scale="0"
    ColumnName="CREATED_BY"
    SQLType="NUMERIC"
    Type="oracle.jbo.domain.Number"
    ColumnType="NUMBER"
    TableName="XX_COM_SALES_CONTRACT_H_T">
    <DesignTime>
      <Attr Name="_DisplaySize" Value="16"/>
    </DesignTime>
  </Attribute>
  <Attribute
    Name="Attribute1"
    Precision="250"
    ColumnName="ATTRIBUTE1"
    SQLType="VARCHAR"
    Type="java.lang.String"
    ColumnType="VARCHAR2"
    TableName="XX_COM_SALES_CONTRACT_H_T">
    <DesignTime>
      <Attr Name="_DisplaySize" Value="250"/>
    </DesignTime>
  </Attribute>
  <Attribute
    Name="Attribute2"
    Precision="250"
    ColumnName="ATTRIBUTE2"
    SQLType="VARCHAR"
    Type="java.lang.String"
    ColumnType="VARCHAR2"
    TableName="XX_COM_SALES_CONTRACT_H_T">
    <DesignTime>
      <Attr Name="_DisplaySize" Value="250"/>
    </DesignTime>
  </Attribute>
  <Attribute
    Name="Attribute3"
    Precision="250"
    ColumnName="ATTRIBUTE3"
    SQLType="VARCHAR"
    Type="java.lang.String"
    ColumnType="VARCHAR2"
    TableName="XX_COM_SALES_CONTRACT_H_T">
    <DesignTime>
      <Attr Name="_DisplaySize" Value="250"/>
    </DesignTime>
  </Attribute>
  <Attribute
    Name="Attribute4"
    Precision="250"
    ColumnName="ATTRIBUTE4"
    SQLType="VARCHAR"
    Type="java.lang.String"
    ColumnType="VARCHAR2"
    TableName="XX_COM_SALES_CONTRACT_H_T">
    <DesignTime>
      <Attr Name="_DisplaySize" Value="250"/>
    </DesignTime>
  </Attribute>
  <Attribute
    Name="Attribute5"
    Precision="250"
    ColumnName="ATTRIBUTE5"
    SQLType="VARCHAR"
    Type="java.lang.String"
    ColumnType="VARCHAR2"
    TableName="XX_COM_SALES_CONTRACT_H_T">
    <DesignTime>
      <Attr Name="_DisplaySize" Value="250"/>
    </DesignTime>
  </Attribute>
  <Attribute
    Name="Attribute6"
    Precision="250"
    ColumnName="ATTRIBUTE6"
    SQLType="VARCHAR"
    Type="java.lang.String"
    ColumnType="VARCHAR2"
    TableName="XX_COM_SALES_CONTRACT_H_T">
    <DesignTime>
      <Attr Name="_DisplaySize" Value="250"/>
    </DesignTime>
  </Attribute>
  <Attribute
    Name="Attribute7"
    Precision="250"
    ColumnName="ATTRIBUTE7"
    SQLType="VARCHAR"
    Type="java.lang.String"
    ColumnType="VARCHAR2"
    TableName="XX_COM_SALES_CONTRACT_H_T">
    <DesignTime>
      <Attr Name="_DisplaySize" Value="250"/>
    </DesignTime>
  </Attribute>
  <Attribute
    Name="Attribute8"
    Precision="250"
    ColumnName="ATTRIBUTE8"
    SQLType="VARCHAR"
    Type="java.lang.String"
    ColumnType="VARCHAR2"
    TableName="XX_COM_SALES_CONTRACT_H_T">
    <DesignTime>
      <Attr Name="_DisplaySize" Value="250"/>
    </DesignTime>
  </Attribute>
  <Attribute
    Name="Attribute9"
    Precision="250"
    ColumnName="ATTRIBUTE9"
    SQLType="VARCHAR"
    Type="java.lang.String"
    ColumnType="VARCHAR2"
    TableName="XX_COM_SALES_CONTRACT_H_T">
    <DesignTime>
      <Attr Name="_DisplaySize" Value="250"/>
    </DesignTime>
  </Attribute>
  <Attribute
    Name="Attribute10"
    Precision="250"
    ColumnName="ATTRIBUTE10"
    SQLType="VARCHAR"
    Type="java.lang.String"
    ColumnType="VARCHAR2"
    TableName="XX_COM_SALES_CONTRACT_H_T">
    <DesignTime>
      <Attr Name="_DisplaySize" Value="250"/>
    </DesignTime>
  </Attribute>
  <Attribute
    Name="Attribute11"
    Precision="250"
    ColumnName="ATTRIBUTE11"
    SQLType="VARCHAR"
    Type="java.lang.String"
    ColumnType="VARCHAR2"
    TableName="XX_COM_SALES_CONTRACT_H_T">
    <DesignTime>
      <Attr Name="_DisplaySize" Value="250"/>
    </DesignTime>
  </Attribute>
  <Attribute
    Name="Attribute12"
    Precision="250"
    ColumnName="ATTRIBUTE12"
    SQLType="VARCHAR"
    Type="java.lang.String"
    ColumnType="VARCHAR2"
    TableName="XX_COM_SALES_CONTRACT_H_T">
    <DesignTime>
      <Attr Name="_DisplaySize" Value="250"/>
    </DesignTime>
  </Attribute>
  <Attribute
    Name="Attribute13"
    Precision="250"
    ColumnName="ATTRIBUTE13"
    SQLType="VARCHAR"
    Type="java.lang.String"
    ColumnType="VARCHAR2"
    TableName="XX_COM_SALES_CONTRACT_H_T">
    <DesignTime>
      <Attr Name="_DisplaySize" Value="250"/>
    </DesignTime>
  </Attribute>
  <Attribute
    Name="Attribute14"
    Precision="250"
    ColumnName="ATTRIBUTE14"
    SQLType="VARCHAR"
    Type="java.lang.String"
    ColumnType="VARCHAR2"
    TableName="XX_COM_SALES_CONTRACT_H_T">
    <DesignTime>
      <Attr Name="_DisplaySize" Value="250"/>
    </DesignTime>
  </Attribute>
  <Attribute
    Name="Attribute15"
    Precision="250"
    ColumnName="ATTRIBUTE15"
    SQLType="VARCHAR"
    Type="java.lang.String"
    ColumnType="VARCHAR2"
    TableName="XX_COM_SALES_CONTRACT_H_T">
    <DesignTime>
      <Attr Name="_DisplaySize" Value="250"/>
    </DesignTime>
  </Attribute>
  <Attribute
    Name="Attribute16"
    Precision="250"
    ColumnName="ATTRIBUTE16"
    SQLType="VARCHAR"
    Type="java.lang.String"
    ColumnType="VARCHAR2"
    TableName="XX_COM_SALES_CONTRACT_H_T">
    <DesignTime>
      <Attr Name="_DisplaySize" Value="250"/>
    </DesignTime>
  </Attribute>
  <Attribute
    Name="Attribute17"
    Precision="250"
    ColumnName="ATTRIBUTE17"
    SQLType="VARCHAR"
    Type="java.lang.String"
    ColumnType="VARCHAR2"
    TableName="XX_COM_SALES_CONTRACT_H_T">
    <DesignTime>
      <Attr Name="_DisplaySize" Value="250"/>
    </DesignTime>
  </Attribute>
  <Attribute
    Name="Attribute18"
    Precision="250"
    ColumnName="ATTRIBUTE18"
    SQLType="VARCHAR"
    Type="java.lang.String"
    ColumnType="VARCHAR2"
    TableName="XX_COM_SALES_CONTRACT_H_T">
    <DesignTime>
      <Attr Name="_DisplaySize" Value="250"/>
    </DesignTime>
  </Attribute>
  <Attribute
    Name="Attribute19"
    Precision="250"
    ColumnName="ATTRIBUTE19"
    SQLType="VARCHAR"
    Type="java.lang.String"
    ColumnType="VARCHAR2"
    TableName="XX_COM_SALES_CONTRACT_H_T">
    <DesignTime>
      <Attr Name="_DisplaySize" Value="250"/>
    </DesignTime>
  </Attribute>
  <Attribute
    Name="Attribute20"
    Precision="250"
    ColumnName="ATTRIBUTE20"
    SQLType="VARCHAR"
    Type="java.lang.String"
    ColumnType="VARCHAR2"
    TableName="XX_COM_SALES_CONTRACT_H_T">
    <DesignTime>
      <Attr Name="_DisplaySize" Value="250"/>
    </DesignTime>
  </Attribute>
  <Attribute
    Name="Attribute21"
    Precision="250"
    ColumnName="ATTRIBUTE21"
    SQLType="VARCHAR"
    Type="java.lang.String"
    ColumnType="VARCHAR2"
    TableName="XX_COM_SALES_CONTRACT_H_T">
    <DesignTime>
      <Attr Name="_DisplaySize" Value="250"/>
    </DesignTime>
  </Attribute>
  <Attribute
    Name="Attribute22"
    Precision="250"
    ColumnName="ATTRIBUTE22"
    SQLType="VARCHAR"
    Type="java.lang.String"
    ColumnType="VARCHAR2"
    TableName="XX_COM_SALES_CONTRACT_H_T">
    <DesignTime>
      <Attr Name="_DisplaySize" Value="250"/>
    </DesignTime>
  </Attribute>
  <Attribute
    Name="Attribute23"
    Precision="250"
    ColumnName="ATTRIBUTE23"
    SQLType="VARCHAR"
    Type="java.lang.String"
    ColumnType="VARCHAR2"
    TableName="XX_COM_SALES_CONTRACT_H_T">
    <DesignTime>
      <Attr Name="_DisplaySize" Value="250"/>
    </DesignTime>
  </Attribute>
  <Attribute
    Name="Attribute24"
    Precision="250"
    ColumnName="ATTRIBUTE24"
    SQLType="VARCHAR"
    Type="java.lang.String"
    ColumnType="VARCHAR2"
    TableName="XX_COM_SALES_CONTRACT_H_T">
    <DesignTime>
      <Attr Name="_DisplaySize" Value="250"/>
    </DesignTime>
  </Attribute>
  <Attribute
    Name="Attribute25"
    Precision="250"
    ColumnName="ATTRIBUTE25"
    SQLType="VARCHAR"
    Type="java.lang.String"
    ColumnType="VARCHAR2"
    TableName="XX_COM_SALES_CONTRACT_H_T">
    <DesignTime>
      <Attr Name="_DisplaySize" Value="250"/>
    </DesignTime>
  </Attribute>
  <Attribute
    Name="Attribute26"
    Precision="250"
    ColumnName="ATTRIBUTE26"
    SQLType="VARCHAR"
    Type="java.lang.String"
    ColumnType="VARCHAR2"
    TableName="XX_COM_SALES_CONTRACT_H_T">
    <DesignTime>
      <Attr Name="_DisplaySize" Value="250"/>
    </DesignTime>
  </Attribute>
  <Attribute
    Name="Attribute27"
    Precision="250"
    ColumnName="ATTRIBUTE27"
    SQLType="VARCHAR"
    Type="java.lang.String"
    ColumnType="VARCHAR2"
    TableName="XX_COM_SALES_CONTRACT_H_T">
    <DesignTime>
      <Attr Name="_DisplaySize" Value="250"/>
    </DesignTime>
  </Attribute>
  <Attribute
    Name="Attribute28"
    Precision="250"
    ColumnName="ATTRIBUTE28"
    SQLType="VARCHAR"
    Type="java.lang.String"
    ColumnType="VARCHAR2"
    TableName="XX_COM_SALES_CONTRACT_H_T">
    <DesignTime>
      <Attr Name="_DisplaySize" Value="250"/>
    </DesignTime>
  </Attribute>
  <Attribute
    Name="Attribute29"
    Precision="250"
    ColumnName="ATTRIBUTE29"
    SQLType="VARCHAR"
    Type="java.lang.String"
    ColumnType="VARCHAR2"
    TableName="XX_COM_SALES_CONTRACT_H_T">
    <DesignTime>
      <Attr Name="_DisplaySize" Value="250"/>
    </DesignTime>
  </Attribute>
  <Attribute
    Name="Attribute30"
    Precision="250"
    ColumnName="ATTRIBUTE30"
    SQLType="VARCHAR"
    Type="java.lang.String"
    ColumnType="VARCHAR2"
    TableName="XX_COM_SALES_CONTRACT_H_T">
    <DesignTime>
      <Attr Name="_DisplaySize" Value="250"/>
    </DesignTime>
  </Attribute>
  <Attribute
    Name="OrgId"
    ColumnName="ORG_ID"
    SQLType="NUMERIC"
    Type="oracle.jbo.domain.Number"
    ColumnType="NUMBER"
    TableName="XX_COM_SALES_CONTRACT_H_T">
    <DesignTime>
      <Attr Name="_DisplaySize" Value="39"/>
    </DesignTime>
  </Attribute>
  <Attribute
    Name="SaleContractDocNo"
    ColumnName="SALE_CONTRACT_DOC_NO"
    SQLType="NUMERIC"
    Type="oracle.jbo.domain.Number"
    ColumnType="NUMBER"
    TableName="XX_COM_SALES_CONTRACT_H_T">
    <DesignTime>
      <Attr Name="_DisplaySize" Value="39"/>
    </DesignTime>
  </Attribute>
  <Attribute
    Name="BuyerNameNew"
    Precision="250"
    ColumnName="BUYER_NAME_NEW"
    SQLType="VARCHAR"
    Type="java.lang.String"
    ColumnType="VARCHAR2"
    TableName="XX_COM_SALES_CONTRACT_H_T">
    <DesignTime>
      <Attr Name="_DisplaySize" Value="250"/>
    </DesignTime>
  </Attribute>
  <Attribute
    Name="IssuingBank"
    Precision="250"
    ColumnName="ISSUING_BANK"
    SQLType="VARCHAR"
    Type="java.lang.String"
    ColumnType="VARCHAR2"
    TableName="XX_COM_SALES_CONTRACT_H_T">
    <DesignTime>
      <Attr Name="_DisplaySize" Value="250"/>
    </DesignTime>
  </Attribute>
  <Attribute
    Name="AdvisingBank"
    Precision="250"
    ColumnName="ADVISING_BANK"
    SQLType="VARCHAR"
    Type="java.lang.String"
    ColumnType="VARCHAR2"
    TableName="XX_COM_SALES_CONTRACT_H_T">
    <DesignTime>
      <Attr Name="_DisplaySize" Value="250"/>
    </DesignTime>
  </Attribute>
  <Attribute
    Name="BuyerId"
    Precision="50"
    ColumnName="BUYER_ID"
    SQLType="VARCHAR"
    Type="java.lang.String"
    ColumnType="VARCHAR2"
    TableName="XX_COM_SALES_CONTRACT_H_T">
    <DesignTime>
      <Attr Name="_DisplaySize" Value="50"/>
    </DesignTime>
  </Attribute>
  <Attribute
    Name="BuyerId2"
    Precision="50"
    ColumnName="BUYER_ID2"
    SQLType="VARCHAR"
    Type="java.lang.String"
    ColumnType="VARCHAR2"
    TableName="XX_COM_SALES_CONTRACT_H_T">
    <DesignTime>
      <Attr Name="_DisplaySize" Value="50"/>
    </DesignTime>
  </Attribute>
  <Attribute
    Name="BranchName"
    Precision="250"
    ColumnName="BRANCH_NAME"
    SQLType="VARCHAR"
    Type="java.lang.String"
    ColumnType="VARCHAR2"
    TableName="XX_COM_SALES_CONTRACT_H_T">
    <DesignTime>
      <Attr Name="_DisplaySize" Value="250"/>
    </DesignTime>
  </Attribute>
  <Attribute
    Name="CreatedByOriginal"
    ColumnName="CREATED_BY_ORIGINAL"
    SQLType="NUMERIC"
    Type="oracle.jbo.domain.Number"
    ColumnType="NUMBER"
    TableName="XX_COM_SALES_CONTRACT_H_T">
    <DesignTime>
      <Attr Name="_DisplaySize" Value="39"/>
    </DesignTime>
  </Attribute>
  <Attribute
    Name="CeratedByChangeDate"
    ColumnName="CERATED_BY_CHANGE_DATE"
    SQLType="TIMESTAMP"
    Type="oracle.jbo.domain.Date"
    ColumnType="DATE"
    TableName="XX_COM_SALES_CONTRACT_H_T">
    <DesignTime>
      <Attr Name="_DisplaySize" Value="7"/>
    </DesignTime>
  </Attribute>
  <Attribute
    Name="CommissionValue"
    ColumnName="COMMISSION_VALUE"
    SQLType="NUMERIC"
    Type="oracle.jbo.domain.Number"
    ColumnType="NUMBER"
    TableName="XX_COM_SALES_CONTRACT_H_T">
    <DesignTime>
      <Attr Name="_DisplaySize" Value="39"/>
    </DesignTime>
  </Attribute>
  <Attribute
    Name="GoodsValue"
    ColumnName="GOODS_VALUE"
    SQLType="NUMERIC"
    Type="oracle.jbo.domain.Number"
    ColumnType="NUMBER"
    TableName="XX_COM_SALES_CONTRACT_H_T">
    <DesignTime>
      <Attr Name="_DisplaySize" Value="39"/>
    </DesignTime>
  </Attribute>
  <Attribute
    Name="Status"
    ColumnName="STATUS"
    SQLType="NUMERIC"
    Type="oracle.jbo.domain.Number"
    ColumnType="NUMBER"
    TableName="XX_COM_SALES_CONTRACT_H_T">
    <DesignTime>
      <Attr Name="_DisplaySize" Value="39"/>
    </DesignTime>
  </Attribute>
  <Attribute
    Name="Status1"
    Precision="20"
    ColumnName="STATUS1"
    SQLType="VARCHAR"
    Type="java.lang.String"
    ColumnType="VARCHAR2"
    TableName="XX_COM_SALES_CONTRACT_H_T"
    DefaultValue="NO">
    <DesignTime>
      <Attr Name="_DisplaySize" Value="20"/>
    </DesignTime>
  </Attribute>
  <Attribute
    Name="Visibility"
    ColumnName="VISIBILITY"
    SQLType="NUMERIC"
    Type="oracle.jbo.domain.Number"
    ColumnType="NUMBER"
    TableName="XX_COM_SALES_CONTRACT_H_T"/>
  <AccessorAttribute
    Name="ImpSaleContrLinesEO"
    Association="model.entity.XxComSalesContractLineFkAssoc"
    AssociationEnd="model.entity.XxComSalesContractLineFkAssoc.ImpSaleContrLinesEO"
    AssociationOtherEnd="model.entity.XxComSalesContractLineFkAssoc.ImpSaleContrHeaderEO"
    Type="oracle.jbo.RowIterator"
    IsUpdateable="false"/>
  <AccessorAttribute
    Name="ImpSaleContractDetailEO"
    Association="model.entity.IedocImpSaleContrDetailKfAssoc"
    AssociationEnd="model.entity.IedocImpSaleContrDetailKfAssoc.ImpSaleContractDetailEO"
    AssociationOtherEnd="model.entity.IedocImpSaleContrDetailKfAssoc.ImpSaleContrHeaderEO"
    Type="oracle.jbo.RowIterator"
    IsUpdateable="false"/>
  <Key
    Name="SysC001706592">
    <DesignTime>
      <Attr Name="_DBObjectName" Value="SYS_C001706592"/>
      <Attr Name="_checkCondition" Value='"IMP_SALE_HEADER_ID" IS NOT NULL'/>
      <Attr Name="_isCheck" Value="true"/>
    </DesignTime>
    <AttrArray Name="Attributes">
      <Item Value="model.entity.ImpSaleContrHeaderEO.ImpSaleHeaderId"/>
    </AttrArray>
  </Key>
  <Key
    Name="XxComSalesContractPk"
    PrimaryKey="true">
    <DesignTime>
      <Attr Name="_DBObjectName" Value="XX_COM_SALES_CONTRACT_PK"/>
    </DesignTime>
    <AttrArray Name="Attributes">
      <Item Value="model.entity.ImpSaleContrHeaderEO.ImpSaleHeaderId"/>
    </AttrArray>
  </Key>
</Entity>
