<?xml version="1.0" encoding="windows-1252" ?>
<!DOCTYPE Entity SYSTEM "jbo_03_01.dtd">
<!---->
<Entity
  xmlns="http://xmlns.oracle.com/bc4j"
  Name="ImpSaleContrLinesEO"
  Version="11.1.1.62.29"
  InheritPersonalization="true"
  DBObjectType="table"
  DBObjectName="XX_COM_SALES_CONTRACT_L_T"
  AliasName="ImpSaleContrLinesEO"
  BindingStyle="OracleName"
  UseGlueCode="false"
  RowClass="model.entity.ImpSaleContrLinesEOImpl">
  <DesignTime>
    <AttrArray Name="_publishEvents"/>
    <Attr Name="_codeGenFlag2" Value="Init|Access"/>
    <Attr Name="_isCodegen" Value="true"/>
  </DesignTime>
  <Attribute
    Name="ImpSaleLineId"
    IsNotNull="true"
    ColumnName="IMP_SALE_LINE_ID"
    SQLType="NUMERIC"
    Type="oracle.jbo.domain.Number"
    ColumnType="NUMBER"
    TableName="XX_COM_SALES_CONTRACT_L_T"
    PrimaryKey="true">
    <DesignTime>
      <Attr Name="_DisplaySize" Value="39"/>
    </DesignTime>
  </Attribute>
  <Attribute
    Name="ImpSaleHeaderId"
    ColumnName="IMP_SALE_HEADER_ID"
    SQLType="NUMERIC"
    Type="oracle.jbo.domain.Number"
    ColumnType="NUMBER"
    TableName="XX_COM_SALES_CONTRACT_L_T">
    <DesignTime>
      <Attr Name="_DisplaySize" Value="39"/>
    </DesignTime>
  </Attribute>
  <Attribute
    Name="StyleNo"
    Precision="250"
    ColumnName="STYLE_NO"
    SQLType="VARCHAR"
    Type="java.lang.String"
    ColumnType="VARCHAR2"
    TableName="XX_COM_SALES_CONTRACT_L_T">
    <DesignTime>
      <Attr Name="_DisplaySize" Value="250"/>
    </DesignTime>
  </Attribute>
  <Attribute
    Name="BpoNo"
    Precision="250"
    ColumnName="BPO_NO"
    SQLType="VARCHAR"
    Type="java.lang.String"
    ColumnType="VARCHAR2"
    TableName="XX_COM_SALES_CONTRACT_L_T">
    <DesignTime>
      <Attr Name="_DisplaySize" Value="250"/>
    </DesignTime>
  </Attribute>
  <Attribute
    Name="ItemDescription"
    Precision="250"
    ColumnName="ITEM_DESCRIPTION"
    SQLType="VARCHAR"
    Type="java.lang.String"
    ColumnType="VARCHAR2"
    TableName="XX_COM_SALES_CONTRACT_L_T">
    <DesignTime>
      <Attr Name="_DisplaySize" Value="250"/>
    </DesignTime>
  </Attribute>
  <Attribute
    Name="Quantity"
    ColumnName="QUANTITY"
    SQLType="NUMERIC"
    Type="oracle.jbo.domain.Number"
    ColumnType="NUMBER"
    TableName="XX_COM_SALES_CONTRACT_L_T">
    <DesignTime>
      <Attr Name="_DisplaySize" Value="39"/>
    </DesignTime>
  </Attribute>
  <Attribute
    Name="UnitPrice"
    ColumnName="UNIT_PRICE"
    SQLType="NUMERIC"
    Type="oracle.jbo.domain.Number"
    ColumnType="NUMBER"
    TableName="XX_COM_SALES_CONTRACT_L_T">
    <DesignTime>
      <Attr Name="_DisplaySize" Value="39"/>
    </DesignTime>
  </Attribute>
  <Attribute
    Name="TotalValue"
    ColumnName="TOTAL_VALUE"
    SQLType="NUMERIC"
    Type="oracle.jbo.domain.Number"
    ColumnType="NUMBER"
    TableName="XX_COM_SALES_CONTRACT_L_T">
    <DesignTime>
      <Attr Name="_DisplaySize" Value="39"/>
    </DesignTime>
  </Attribute>
  <Attribute
    Name="ShipExFactoryDate"
    ColumnName="SHIP_EX_FACTORY_DATE"
    SQLType="TIMESTAMP"
    Type="oracle.jbo.domain.Date"
    ColumnType="DATE"
    TableName="XX_COM_SALES_CONTRACT_L_T">
    <DesignTime>
      <Attr Name="_DisplaySize" Value="7"/>
    </DesignTime>
  </Attribute>
  <Attribute
    Name="ShipCancelExBdDate"
    ColumnName="SHIP_CANCEL_EX_BD_DATE"
    SQLType="TIMESTAMP"
    Type="oracle.jbo.domain.Date"
    ColumnType="DATE"
    TableName="XX_COM_SALES_CONTRACT_L_T">
    <DesignTime>
      <Attr Name="_DisplaySize" Value="7"/>
    </DesignTime>
  </Attribute>
  <Attribute
    Name="SalesTerm"
    Precision="250"
    ColumnName="SALES_TERM"
    SQLType="VARCHAR"
    Type="java.lang.String"
    ColumnType="VARCHAR2"
    TableName="XX_COM_SALES_CONTRACT_L_T">
    <DesignTime>
      <Attr Name="_DisplaySize" Value="250"/>
    </DesignTime>
  </Attribute>
  <Attribute
    Name="Status"
    Precision="250"
    ColumnName="STATUS"
    SQLType="VARCHAR"
    Type="java.lang.String"
    ColumnType="VARCHAR2"
    TableName="XX_COM_SALES_CONTRACT_L_T">
    <DesignTime>
      <Attr Name="_DisplaySize" Value="250"/>
    </DesignTime>
  </Attribute>
  <Attribute
    Name="LastUpdateLogin"
    ColumnName="LAST_UPDATE_LOGIN"
    SQLType="NUMERIC"
    Type="oracle.jbo.domain.Number"
    ColumnType="NUMBER"
    TableName="XX_COM_SALES_CONTRACT_L_T">
    <DesignTime>
      <Attr Name="_DisplaySize" Value="39"/>
    </DesignTime>
  </Attribute>
  <Attribute
    Name="LastUpdateDate"
    ColumnName="LAST_UPDATE_DATE"
    SQLType="TIMESTAMP"
    Type="oracle.jbo.domain.Date"
    ColumnType="DATE"
    TableName="XX_COM_SALES_CONTRACT_L_T">
    <DesignTime>
      <Attr Name="_DisplaySize" Value="7"/>
    </DesignTime>
  </Attribute>
  <Attribute
    Name="LastUpdatedBy"
    Precision="15"
    Scale="0"
    ColumnName="LAST_UPDATED_BY"
    SQLType="NUMERIC"
    Type="oracle.jbo.domain.Number"
    ColumnType="NUMBER"
    TableName="XX_COM_SALES_CONTRACT_L_T">
    <DesignTime>
      <Attr Name="_DisplaySize" Value="16"/>
    </DesignTime>
  </Attribute>
  <Attribute
    Name="CreationDate"
    ColumnName="CREATION_DATE"
    SQLType="TIMESTAMP"
    Type="oracle.jbo.domain.Date"
    ColumnType="DATE"
    TableName="XX_COM_SALES_CONTRACT_L_T">
    <DesignTime>
      <Attr Name="_DisplaySize" Value="7"/>
    </DesignTime>
  </Attribute>
  <Attribute
    Name="CreatedBy"
    Precision="15"
    Scale="0"
    ColumnName="CREATED_BY"
    SQLType="NUMERIC"
    Type="oracle.jbo.domain.Number"
    ColumnType="NUMBER"
    TableName="XX_COM_SALES_CONTRACT_L_T">
    <DesignTime>
      <Attr Name="_DisplaySize" Value="16"/>
    </DesignTime>
  </Attribute>
  <Attribute
    Name="Attribute1"
    Precision="250"
    ColumnName="ATTRIBUTE1"
    SQLType="VARCHAR"
    Type="java.lang.String"
    ColumnType="VARCHAR2"
    TableName="XX_COM_SALES_CONTRACT_L_T">
    <DesignTime>
      <Attr Name="_DisplaySize" Value="250"/>
    </DesignTime>
  </Attribute>
  <Attribute
    Name="Attribute2"
    Precision="250"
    ColumnName="ATTRIBUTE2"
    SQLType="VARCHAR"
    Type="java.lang.String"
    ColumnType="VARCHAR2"
    TableName="XX_COM_SALES_CONTRACT_L_T">
    <DesignTime>
      <Attr Name="_DisplaySize" Value="250"/>
    </DesignTime>
  </Attribute>
  <Attribute
    Name="LastPrice"
    ColumnName="LAST_PRICE"
    SQLType="NUMERIC"
    Type="oracle.jbo.domain.Number"
    ColumnType="NUMBER"
    TableName="XX_COM_SALES_CONTRACT_L_T">
    <DesignTime>
      <Attr Name="_DisplaySize" Value="39"/>
    </DesignTime>
  </Attribute>
  <Attribute
    Name="LastTotalPrice"
    ColumnName="LAST_TOTAL_PRICE"
    SQLType="NUMERIC"
    Type="oracle.jbo.domain.Number"
    ColumnType="NUMBER"
    TableName="XX_COM_SALES_CONTRACT_L_T">
    <DesignTime>
      <Attr Name="_DisplaySize" Value="39"/>
    </DesignTime>
  </Attribute>
  <Attribute
    Name="LastQty"
    ColumnName="LAST_QTY"
    SQLType="NUMERIC"
    Type="oracle.jbo.domain.Number"
    ColumnType="NUMBER"
    TableName="XX_COM_SALES_CONTRACT_L_T">
    <DesignTime>
      <Attr Name="_DisplaySize" Value="39"/>
    </DesignTime>
  </Attribute>
  <Attribute
    Name="BpoId"
    Precision="250"
    ColumnName="BPO_ID"
    SQLType="VARCHAR"
    Type="java.lang.String"
    ColumnType="VARCHAR2"
    TableName="XX_COM_SALES_CONTRACT_L_T">
    <DesignTime>
      <Attr Name="_DisplaySize" Value="250"/>
    </DesignTime>
  </Attribute>
  <Attribute
    Name="OldBpo"
    Precision="200"
    ColumnName="OLD_BPO"
    SQLType="VARCHAR"
    Type="java.lang.String"
    ColumnType="VARCHAR2"
    TableName="XX_COM_SALES_CONTRACT_L_T">
    <DesignTime>
      <Attr Name="_DisplaySize" Value="200"/>
    </DesignTime>
  </Attribute>
  <AccessorAttribute
    Name="ImpSaleContrHeaderEO"
    Association="model.entity.XxComSalesContractLineFkAssoc"
    AssociationEnd="model.entity.XxComSalesContractLineFkAssoc.ImpSaleContrHeaderEO"
    AssociationOtherEnd="model.entity.XxComSalesContractLineFkAssoc.ImpSaleContrLinesEO"
    Type="oracle.jbo.server.EntityImpl"
    IsUpdateable="true"/>
  <Key
    Name="XxComSalesContractLinePk"
    PrimaryKey="true">
    <DesignTime>
      <Attr Name="_DBObjectName" Value="XX_COM_SALES_CONTRACT_LINE_PK"/>
    </DesignTime>
    <AttrArray Name="Attributes">
      <Item Value="model.entity.ImpSaleContrLinesEO.ImpSaleLineId"/>
    </AttrArray>
  </Key>
  <Key
    Name="XxComSalesContractLineFk">
    <DesignTime>
      <Attr Name="_referencedKey" Value="XX_COM_SALES_CONTRACT_PK"/>
      <Attr Name="_isForeign" Value="true"/>
      <Attr Name="_DBObjectName" Value="XX_COM_SALES_CONTRACT_LINE_FK"/>
    </DesignTime>
    <AttrArray Name="Attributes">
      <Item Value="model.entity.ImpSaleContrLinesEO.ImpSaleHeaderId"/>
    </AttrArray>
  </Key>
</Entity>
