<?xml version="1.0" encoding="windows-1252" ?>
<!DOCTYPE Association SYSTEM "jbo_03_01.dtd">
<!---->
<Association
  xmlns="http://xmlns.oracle.com/bc4j"
  Name="XxComExportLcLFkAssoc"
  Version="11.1.1.62.29"
  InheritPersonalization="true">
  <DesignTime>
    <Attr Name="_isCodegen" Value="true"/>
  </DesignTime>
  <AssociationEnd
    Name="ImpSaleContractDetailEO"
    Cardinality="1"
    Source="true"
    Owner="model.entity.ImpSaleContractDetailEO">
    <DesignTime>
      <Attr Name="_aggregation" Value="0"/>
      <Attr Name="_finderName" Value="ImpSaleContractDetailEO"/>
      <Attr Name="_foreignKey"
        Value="model.entity.ImpSaleContractDetailEO.XxComExportLcHPk"/>
      <Attr Name="_isUpdateable" Value="true"/>
    </DesignTime>
    <AttrArray Name="Attributes">
      <Item Value="model.entity.ImpSaleContractDetailEO.ImpSaleDetailId"/>
    </AttrArray>
  </AssociationEnd>
  <AssociationEnd
    Name="ImpSaleContractAmendEO"
    Cardinality="-1"
    Owner="model.entity.ImpSaleContractAmendEO">
    <DesignTime>
      <Attr Name="_aggregation" Value="0"/>
      <Attr Name="_finderName" Value="ImpSaleContractAmendEO"/>
      <Attr Name="_foreignKey"
        Value="model.entity.ImpSaleContractAmendEO.XxComExportLcLFk"/>
      <Attr Name="_isUpdateable" Value="true"/>
    </DesignTime>
    <AttrArray Name="Attributes">
      <Item Value="model.entity.ImpSaleContractAmendEO.ImpSaleDetailId"/>
    </AttrArray>
  </AssociationEnd>
</Association>
