<?xml version="1.0" encoding="windows-1252" ?>
<!DOCTYPE Association SYSTEM "jbo_03_01.dtd">
<!---->
<Association
  xmlns="http://xmlns.oracle.com/bc4j"
  Name="XxComSalesContractLineFkAssoc"
  Version="11.1.1.62.29"
  InheritPersonalization="true">
  <DesignTime>
    <Attr Name="_isCodegen" Value="true"/>
  </DesignTime>
  <AssociationEnd
    Name="ImpSaleContrHeaderEO"
    Cardinality="1"
    Source="true"
    Owner="model.entity.ImpSaleContrHeaderEO">
    <DesignTime>
      <Attr Name="_aggregation" Value="0"/>
      <Attr Name="_finderName" Value="ImpSaleContrHeaderEO"/>
      <Attr Name="_foreignKey"
        Value="model.entity.ImpSaleContrHeaderEO.XxComSalesContractPk"/>
      <Attr Name="_isUpdateable" Value="true"/>
    </DesignTime>
    <AttrArray Name="Attributes">
      <Item Value="model.entity.ImpSaleContrHeaderEO.ImpSaleHeaderId"/>
    </AttrArray>
  </AssociationEnd>
  <AssociationEnd
    Name="ImpSaleContrLinesEO"
    Cardinality="-1"
    Owner="model.entity.ImpSaleContrLinesEO">
    <DesignTime>
      <Attr Name="_aggregation" Value="0"/>
      <Attr Name="_finderName" Value="ImpSaleContrLinesEO"/>
      <Attr Name="_foreignKey"
        Value="model.entity.ImpSaleContrLinesEO.XxComSalesContractLineFk"/>
      <Attr Name="_isUpdateable" Value="true"/>
    </DesignTime>
    <AttrArray Name="Attributes">
      <Item Value="model.entity.ImpSaleContrLinesEO.ImpSaleHeaderId"/>
    </AttrArray>
  </AssociationEnd>
</Association>
